2013-account-account-account-account-account,22781
2013-account-account-account-account-end,3311
2013-account-account-account-account-home,906
2013-account-account-account-account-other,1156
2013-account-account-account-account-product,5969
2013-account-account-account-account-search,692
2013-account-account-account-end,7059
2012-account-account-account-home-account,396
2012-account-account-account-home-end,316
2012-account-account-account-home-home,226
2012-account-account-account-home-other,87
2012-account-account-account-home-product,613
2012-account-account-account-home-search,245
2012-account-account-account-other-account,446